title;artist;album;isrc;addedDate;addedBy;duration;url
"ï»¿""Dreadlock Holiday""";10cc;Bloody Tourists;GBF087800002;2021-04-15 03:33;sj1bdpnkh9q3knr3ss718da1d;268s;https://open.spotify.com/track/1LOZMYF5s8qhW7Rv4w2gun
Dreadlock Holiday;10cc;Bloody Tourists;GBF087800002;2021-04-15 03:33;sj1bdpnkh9q3knr3ss718da1d;268s;https://open.spotify.com/track/1LOZMYF5s8qhW7Rv4w2gun
I'm Not In Love;10cc;The Original Soundtrack;GBF087500001;2021-04-15 03:33;sj1bdpnkh9q3knr3ss718da1d;367s;https://open.spotify.com/track/5HQEmiV2lKnSO6qa2fsR7x
I'm Not In Love;10cc;The Original Soundtrack;GBF087500001;2021-04-15 03:33;sj1bdpnkh9q3knr3ss718da1d;367s;https://open.spotify.com/track/5HQEmiV2lKnSO6qa2fsR7x
The Things We Do For Love;10cc;Deceptive Bends;GBF087600005;2021-04-15 03:33;sj1bdpnkh9q3knr3ss718da1d;208s;https://open.spotify.com/track/6KEWtSOGKpIXGw6l1uJgsR
The Things We Do For Love;10cc;Deceptive Bends;GBF087600005;2021-04-15 03:33;sj1bdpnkh9q3knr3ss718da1d;208s;https://open.spotify.com/track/6KEWtSOGKpIXGw6l1uJgsR
How Long;Ace;Five-A-Side;GBAZJ0600006;2021-04-15 03:33;sj1bdpnkh9q3knr3ss718da1d;204s;https://open.spotify.com/track/4AjKVyNUMdUveKK5OH1OJD
How Long;Ace;Five-A-Side;GBAZJ0600006;2021-04-15 03:33;sj1bdpnkh9q3knr3ss718da1d;204s;https://open.spotify.com/track/4AjKVyNUMdUveKK5OH1OJD
All Out of Love;Air Supply;Lost in Love;USAR18000002;2021-04-15 03:33;sj1bdpnkh9q3knr3ss718da1d;243s;https://open.spotify.com/track/7dQC53NiYOY9gKg3Qsu2Bs
All Out of Love;Air Supply;Lost in Love;USAR18000002;2021-04-15 03:33;sj1bdpnkh9q3knr3ss718da1d;243s;https://open.spotify.com/track/7dQC53NiYOY9gKg3Qsu2Bs
Even the Nights Are Better;Air Supply;Now And Forever;USAR18200001;2021-04-15 03:33;sj1bdpnkh9q3knr3ss718da1d;237s;https://open.spotify.com/track/09bRmFRViBORKQ2miwp04P
Even the Nights Are Better;Air Supply;Now And Forever;USAR18200001;2021-04-15 03:33;sj1bdpnkh9q3knr3ss718da1d;237s;https://open.spotify.com/track/09bRmFRViBORKQ2miwp04P
We're in This Love Together;Al Jarreau;Breakin' Away;USWB10902587;2021-04-15 03:33;sj1bdpnkh9q3knr3ss718da1d;226s;https://open.spotify.com/track/1Let4BYaYSum46nAGO1i6v
We're in This Love Together;Al Jarreau;Breakin' Away;USWB10902587;2021-04-15 03:33;sj1bdpnkh9q3knr3ss718da1d;226s;https://open.spotify.com/track/1Let4BYaYSum46nAGO1i6v
Year of the Cat;Al Stewart;Year of the Cat;USRH10650441;2021-04-15 03:33;sj1bdpnkh9q3knr3ss718da1d;400s;https://open.spotify.com/track/7MTX3vevnm41xuEoPxWT3j
Year of the Cat;Al Stewart;Year of the Cat;USRH10650441;2021-04-15 03:33;sj1bdpnkh9q3knr3ss718da1d;400s;https://open.spotify.com/track/7MTX3vevnm41xuEoPxWT3j
Show and Tell;Al Wilson;Show and Tell: The Best of Al Wilson;US2Y30611996;2021-04-15 03:33;sj1bdpnkh9q3knr3ss718da1d;208s;https://open.spotify.com/track/2vhW1OmaZDYi63Da9d8R5o
Show and Tell;Al Wilson;Show and Tell: The Best of Al Wilson;US2Y30611996;2021-04-15 03:33;sj1bdpnkh9q3knr3ss718da1d;208s;https://open.spotify.com/track/2vhW1OmaZDYi63Da9d8R5o
Biggest Part of Me;Ambrosia;One Eighty;USWB18000096;2021-04-15 03:33;sj1bdpnkh9q3knr3ss718da1d;324s;https://open.spotify.com/track/6JHXiRD1QjMK1N6AQEnL04
Biggest Part of Me;Ambrosia;One Eighty;USWB18000096;2021-04-15 03:33;sj1bdpnkh9q3knr3ss718da1d;324s;https://open.spotify.com/track/6JHXiRD1QjMK1N6AQEnL04
How Much I Feel;Ambrosia;Life Beyond L.A.;USWB17800025;2021-04-15 03:33;sj1bdpnkh9q3knr3ss718da1d;283s;https://open.spotify.com/track/3GVhCuS4BRxCTvVj4Cmc8w
How Much I Feel;Ambrosia;Life Beyond L.A.;USWB17800025;2021-04-15 03:33;sj1bdpnkh9q3knr3ss718da1d;283s;https://open.spotify.com/track/3GVhCuS4BRxCTvVj4Cmc8w
You're the Only Woman - You & I;Ambrosia;One Eighty;USWB18000097;2021-04-15 03:33;sj1bdpnkh9q3knr3ss718da1d;263s;https://open.spotify.com/track/11qmuUlW5q5diLiVSOlsSF
You're the Only Woman - You & I;Ambrosia;One Eighty;USWB18000097;2021-04-15 03:33;sj1bdpnkh9q3knr3ss718da1d;263s;https://open.spotify.com/track/11qmuUlW5q5diLiVSOlsSF
Daisy Jane;America;America's Greatest Hits - History;USWB19901802;2021-04-15 03:33;sj1bdpnkh9q3knr3ss718da1d;186s;https://open.spotify.com/track/7Lv30zUbvlC5J2VMqpE7Ps
Daisy Jane;America;America's Greatest Hits - History;USWB19901802;2021-04-15 03:33;sj1bdpnkh9q3knr3ss718da1d;186s;https://open.spotify.com/track/7Lv30zUbvlC5J2VMqpE7Ps
Sister Golden Hair;America;Hearts;USWB19901801;2021-04-15 03:33;sj1bdpnkh9q3knr3ss718da1d;200s;https://open.spotify.com/track/5VSAonaAPhhGn0G7hMYwWK
Sister Golden Hair;America;Hearts;USWB19901801;2021-04-15 03:33;sj1bdpnkh9q3knr3ss718da1d;200s;https://open.spotify.com/track/5VSAonaAPhhGn0G7hMYwWK
You Can Do Magic;America;View From The Ground;USCA29300290;2021-04-15 03:33;sj1bdpnkh9q3knr3ss718da1d;237s;https://open.spotify.com/track/5dXED6MP1v1qghkaniirb1
You Can Do Magic;America;View From The Ground;USCA29300290;2021-04-15 03:33;sj1bdpnkh9q3knr3ss718da1d;237s;https://open.spotify.com/track/5dXED6MP1v1qghkaniirb1
A Horse with No Name;America, George Martin;America;USWB19901792;2021-04-15 03:33;sj1bdpnkh9q3knr3ss718da1d;252s;https://open.spotify.com/track/54eZmuggBFJbV7k248bTTt
A Horse with No Name;America, George Martin;America;USWB19901792;2021-04-15 03:33;sj1bdpnkh9q3knr3ss718da1d;252s;https://open.spotify.com/track/54eZmuggBFJbV7k248bTTt
Ventura Highway;America, George Martin;Homecoming;USWB19901795;2021-04-15 03:33;sj1bdpnkh9q3knr3ss718da1d;211s;https://open.spotify.com/track/4IU1RL4BKvFyXtbTwaHAvW
Ventura Highway;America, George Martin;Homecoming;USWB19901795;2021-04-15 03:33;sj1bdpnkh9q3knr3ss718da1d;211s;https://open.spotify.com/track/4IU1RL4BKvFyXtbTwaHAvW
So Into You;Atlanta Rhythm Section;20th Century Masters: The Millennium Collection: Best Of Atlanta Rhythm Section;USUMG9900509;2021-04-15 03:33;sj1bdpnkh9q3knr3ss718da1d;264s;https://open.spotify.com/track/5mpzCj9l1pYsL4XOXiea84
So Into You;Atlanta Rhythm Section;20th Century Masters: The Millennium Collection: Best Of Atlanta Rhythm Section;USUMG9900509;2021-04-15 03:33;sj1bdpnkh9q3knr3ss718da1d;264s;https://open.spotify.com/track/5mpzCj9l1pYsL4XOXiea84
Spooky;Atlanta Rhythm Section;Anthology: Greatest & Latest;USA560652228;2021-04-15 03:33;sj1bdpnkh9q3knr3ss718da1d;308s;https://open.spotify.com/track/4GWQYgA00ta6S6mI9YXXif
Spooky;Atlanta Rhythm Section;Anthology: Greatest & Latest;USA560652228;2021-04-15 03:33;sj1bdpnkh9q3knr3ss718da1d;308s;https://open.spotify.com/track/4GWQYgA00ta6S6mI9YXXif
Into The Night;Benny Mardones;Never Run Never Hide;USUMG0000673;2021-04-15 03:33;sj1bdpnkh9q3knr3ss718da1d;272s;https://open.spotify.com/track/0rhyBUAgNXwdyvGVXSrLzc
Into The Night;Benny Mardones;Never Run Never Hide;USUMG0000673;2021-04-15 03:33;sj1bdpnkh9q3knr3ss718da1d;272s;https://open.spotify.com/track/0rhyBUAgNXwdyvGVXSrLzc
Casablanca;Bertie Higgins;Just Another Day in Paradise;ushm20694955;2021-04-15 03:33;sj1bdpnkh9q3knr3ss718da1d;275s;https://open.spotify.com/track/3oNUvyuV0HDwvIQvn7Qa8g
Casablanca;Bertie Higgins;Just Another Day in Paradise;ushm20694955;2021-04-15 03:33;sj1bdpnkh9q3knr3ss718da1d;275s;https://open.spotify.com/track/3oNUvyuV0HDwvIQvn7Qa8g
Key Largo;Bertie Higgins;The Essential Playlist;US2G40500731;2021-04-15 03:33;sj1bdpnkh9q3knr3ss718da1d;199s;https://open.spotify.com/track/41v56RunWqxgqTD4H2cwOD
Key Largo;Bertie Higgins;The Essential Playlist;US2G40500731;2021-04-15 03:33;sj1bdpnkh9q3knr3ss718da1d;199s;https://open.spotify.com/track/41v56RunWqxgqTD4H2cwOD
Take It Uptown;Bill Champlin;Mayday;USY5Y0809048;2021-04-15 03:33;sj1bdpnkh9q3knr3ss718da1d;342s;https://open.spotify.com/track/567uiUlyEKgiKkl8uWHmTA
Take It Uptown;Bill Champlin;Mayday;USY5Y0809048;2021-04-15 03:33;sj1bdpnkh9q3knr3ss718da1d;342s;https://open.spotify.com/track/567uiUlyEKgiKkl8uWHmTA
Caribbean Queen (No More Love On the Run);Billy Ocean;Here You Are: The Music of My Life;GBAHK9700109;2021-04-15 03:33;sj1bdpnkh9q3knr3ss718da1d;244s;https://open.spotify.com/track/72dwliDcUH6g2TFiMTEbE9
Caribbean Queen (No More Love On the Run);Billy Ocean;Here You Are: The Music of My Life;GBAHK9700109;2021-04-15 03:33;sj1bdpnkh9q3knr3ss718da1d;244s;https://open.spotify.com/track/72dwliDcUH6g2TFiMTEbE9
Ride Captain Ride;Blues Image;Open (US Internet Release);USEE10412858;2021-04-15 03:33;sj1bdpnkh9q3knr3ss718da1d;226s;https://open.spotify.com/track/1d9hUvkv64Wmdu671Dydpc
Ride Captain Ride;Blues Image;Open (US Internet Release);USEE10412858;2021-04-15 03:33;sj1bdpnkh9q3knr3ss718da1d;226s;https://open.spotify.com/track/1d9hUvkv64Wmdu671Dydpc
Sentimental Lady;Bob Welch;French Kiss;USCA28900206;2021-06-01 18:49;sj1bdpnkh9q3knr3ss718da1d;179s;https://open.spotify.com/track/478thMMvYGris8eJPcDRoq
Sentimental Lady;Bob Welch;French Kiss;USCA28900206;2021-06-01 18:49;sj1bdpnkh9q3knr3ss718da1d;179s;https://open.spotify.com/track/478thMMvYGris8eJPcDRoq
What You Won't Do for Love;Bobby Caldwell;What You Won't Do for Love;USA370532331;2021-04-15 03:33;sj1bdpnkh9q3knr3ss718da1d;286s;https://open.spotify.com/track/7dL8FCLzEaWC2A3qWQuz1q
What You Won't Do for Love;Bobby Caldwell;What You Won't Do for Love;USA370532331;2021-04-15 03:33;sj1bdpnkh9q3knr3ss718da1d;286s;https://open.spotify.com/track/7dL8FCLzEaWC2A3qWQuz1q
Georgia;Boz Scaggs;Silk Degrees;USSM17500563;2021-04-15 03:33;sj1bdpnkh9q3knr3ss718da1d;235s;https://open.spotify.com/track/428IK8fDAscfRpmavVKJkN
Georgia;Boz Scaggs;Silk Degrees;USSM17500563;2021-04-15 03:33;sj1bdpnkh9q3knr3ss718da1d;235s;https://open.spotify.com/track/428IK8fDAscfRpmavVKJkN
JoJo;Boz Scaggs;Middle Man;USSM19802157;2021-04-15 03:33;sj1bdpnkh9q3knr3ss718da1d;353s;https://open.spotify.com/track/3tPmepOCcFRoxuFmmRe0Kn
JoJo;Boz Scaggs;Middle Man;USSM19802157;2021-04-15 03:33;sj1bdpnkh9q3knr3ss718da1d;353s;https://open.spotify.com/track/3tPmepOCcFRoxuFmmRe0Kn
Lido Shuffle;Boz Scaggs;Silk Degrees;USSM17500569;2021-04-15 03:33;sj1bdpnkh9q3knr3ss718da1d;222s;https://open.spotify.com/track/2NtqZmfRIDkXJ2YvY2Kv1F
Lido Shuffle;Boz Scaggs;Silk Degrees;USSM17500569;2021-04-15 03:33;sj1bdpnkh9q3knr3ss718da1d;222s;https://open.spotify.com/track/2NtqZmfRIDkXJ2YvY2Kv1F
Look What You've Done to Me;Boz Scaggs;Hits!;USLIC0601921;2021-06-01 18:49;sj1bdpnkh9q3knr3ss718da1d;316s;https://open.spotify.com/track/76MPV2FNIV50SBAs9Tmzss
Look What You've Done to Me;Boz Scaggs;Hits!;USLIC0601921;2021-06-01 18:49;sj1bdpnkh9q3knr3ss718da1d;316s;https://open.spotify.com/track/76MPV2FNIV50SBAs9Tmzss
Lowdown;Boz Scaggs;Silk Degrees;USSM17500295;2021-04-15 03:33;sj1bdpnkh9q3knr3ss718da1d;316s;https://open.spotify.com/track/0nlZjTPzW6S9JIESuGfImT
Lowdown;Boz Scaggs;Silk Degrees;USSM17500295;2021-04-15 03:33;sj1bdpnkh9q3knr3ss718da1d;316s;https://open.spotify.com/track/0nlZjTPzW6S9JIESuGfImT
Everything I Own;Bread;Baby I'm-a Want You;USEE10000092;2021-04-15 03:33;sj1bdpnkh9q3knr3ss718da1d;187s;https://open.spotify.com/track/52VIdyKqp1pJRSyUQaxKUA
Everything I Own;Bread;Baby I'm-a Want You;USEE10000092;2021-04-15 03:33;sj1bdpnkh9q3knr3ss718da1d;187s;https://open.spotify.com/track/52VIdyKqp1pJRSyUQaxKUA
Make It with You;Bread;On the Waters;USEE10180854;2021-04-15 03:33;sj1bdpnkh9q3knr3ss718da1d;192s;https://open.spotify.com/track/7wWw7hBmErNg9u5w6Xx0vy
Make It with You;Bread;On the Waters;USEE10180854;2021-04-15 03:33;sj1bdpnkh9q3knr3ss718da1d;192s;https://open.spotify.com/track/7wWw7hBmErNg9u5w6Xx0vy
It's Too Late;Carole King;Tapestry;USSM17100509;2021-04-15 03:33;sj1bdpnkh9q3knr3ss718da1d;233s;https://open.spotify.com/track/12q3V8ShACq2PSWINMc2rC
It's Too Late;Carole King;Tapestry;USSM17100509;2021-04-15 03:33;sj1bdpnkh9q3knr3ss718da1d;233s;https://open.spotify.com/track/12q3V8ShACq2PSWINMc2rC
How 'Bout Us - Single Version;Champaign;How 'Bout Us (Expanded Edition);USSM18100819;2021-04-15 03:33;sj1bdpnkh9q3knr3ss718da1d;199s;https://open.spotify.com/track/59S5BGYP3tzYd7dccspVdx
How 'Bout Us - Single Version;Champaign;How 'Bout Us (Expanded Edition);USSM18100819;2021-04-15 03:33;sj1bdpnkh9q3knr3ss718da1d;199s;https://open.spotify.com/track/59S5BGYP3tzYd7dccspVdx
Baby, What a Big Surprise - Edit;Chicago;Chicago XI;USRH10802997;2021-04-15 03:33;sj1bdpnkh9q3knr3ss718da1d;184s;https://open.spotify.com/track/11dAtktxQQzipxuLqljEfY
Baby, What a Big Surprise - Edit;Chicago;Chicago XI;USRH10802997;2021-04-15 03:33;sj1bdpnkh9q3knr3ss718da1d;184s;https://open.spotify.com/track/11dAtktxQQzipxuLqljEfY
My Girl (Gone, Gone, Gone);Chilliwack;Wanna Be A Star;CAS269900007;2021-04-15 03:33;sj1bdpnkh9q3knr3ss718da1d;255s;https://open.spotify.com/track/0m28f73Piz111HOdimOmmf
My Girl (Gone, Gone, Gone);Chilliwack;Wanna Be A Star;CAS269900007;2021-04-15 03:33;sj1bdpnkh9q3knr3ss718da1d;255s;https://open.spotify.com/track/0m28f73Piz111HOdimOmmf
Fool (If You Think It's Over);Chris Rea;Whatever Happened to Benny Santini;GBAHS7804154;2021-06-01 18:49;sj1bdpnkh9q3knr3ss718da1d;285s;https://open.spotify.com/track/0UHiH4dy1hXULYl8CgNxRV
Fool (If You Think It's Over);Chris Rea;Whatever Happened to Benny Santini;GBAHS7804154;2021-06-01 18:49;sj1bdpnkh9q3knr3ss718da1d;285s;https://open.spotify.com/track/0UHiH4dy1hXULYl8CgNxRV
All Right;Christopher Cross;Another Page;USWB19903178;2021-04-15 03:33;sj1bdpnkh9q3knr3ss718da1d;254s;https://open.spotify.com/track/5tE2kEW1Jom3Qc93UPBT79
All Right;Christopher Cross;Another Page;USWB19903178;2021-04-15 03:33;sj1bdpnkh9q3knr3ss718da1d;254s;https://open.spotify.com/track/5tE2kEW1Jom3Qc93UPBT79
Arthur's Theme (Best That You Can Do);Christopher Cross;Arthur - The Album [Original Soundtrack];USWB10800109;2021-04-15 03:33;sj1bdpnkh9q3knr3ss718da1d;234s;https://open.spotify.com/track/5fnOrhQ4KgT5irGCjIccGH
Arthur's Theme (Best That You Can Do);Christopher Cross;Arthur - The Album [Original Soundtrack];USWB10800109;2021-04-15 03:33;sj1bdpnkh9q3knr3ss718da1d;234s;https://open.spotify.com/track/5fnOrhQ4KgT5irGCjIccGH
I Really Don't Know Anymore;Christopher Cross;Christopher Cross;USWB19901338;2021-04-15 03:33;sj1bdpnkh9q3knr3ss718da1d;233s;https://open.spotify.com/track/14QIzQLldgAVxrkDnaV8b7
I Really Don't Know Anymore;Christopher Cross;Christopher Cross;USWB19901338;2021-04-15 03:33;sj1bdpnkh9q3knr3ss718da1d;233s;https://open.spotify.com/track/14QIzQLldgAVxrkDnaV8b7
Never Be the Same;Christopher Cross;Christopher Cross;USWB19901340;2021-04-15 03:33;sj1bdpnkh9q3knr3ss718da1d;250s;https://open.spotify.com/track/2vUoP3ppYxD1F5ovbnmM46
Never Be the Same;Christopher Cross;Christopher Cross;USWB19901340;2021-04-15 03:33;sj1bdpnkh9q3knr3ss718da1d;250s;https://open.spotify.com/track/2vUoP3ppYxD1F5ovbnmM46
No Time for Talk;Christopher Cross;Another Page;USWB19903173;2021-06-01 18:49;sj1bdpnkh9q3knr3ss718da1d;264s;https://open.spotify.com/track/0HGqR8afdaKuEUUxECHCRD
No Time for Talk;Christopher Cross;Another Page;USWB19903173;2021-06-01 18:49;sj1bdpnkh9q3knr3ss718da1d;264s;https://open.spotify.com/track/0HGqR8afdaKuEUUxECHCRD
Ride Like the Wind;Christopher Cross;Christopher Cross;USWB19901342;2021-04-15 03:33;sj1bdpnkh9q3knr3ss718da1d;276s;https://open.spotify.com/track/7gUMShP1l20tC0xf17Zplk
Ride Like the Wind;Christopher Cross;Christopher Cross;USWB19901342;2021-04-15 03:33;sj1bdpnkh9q3knr3ss718da1d;276s;https://open.spotify.com/track/7gUMShP1l20tC0xf17Zplk
Sailing;Christopher Cross;Christopher Cross;USWB19901344;2021-04-15 03:33;sj1bdpnkh9q3knr3ss718da1d;256s;https://open.spotify.com/track/6Hu6dzwlvoyg3zBUC8k4BK
Sailing;Christopher Cross;Christopher Cross;USWB19901344;2021-04-15 03:33;sj1bdpnkh9q3knr3ss718da1d;256s;https://open.spotify.com/track/6Hu6dzwlvoyg3zBUC8k4BK
Feels So Good;Chuck Mangione;Feels So Good;USAM17700535;2021-04-15 03:33;sj1bdpnkh9q3knr3ss718da1d;583s;https://open.spotify.com/track/2M7EflZCPCqqRLB9hy5MDy
Feels So Good;Chuck Mangione;Feels So Good;USAM17700535;2021-04-15 03:33;sj1bdpnkh9q3knr3ss718da1d;583s;https://open.spotify.com/track/2M7EflZCPCqqRLB9hy5MDy
Patches;Clarence Carter;Patches;USAT20003371;2021-06-01 18:49;sj1bdpnkh9q3knr3ss718da1d;194s;https://open.spotify.com/track/5vk9PL1tTyWrQY3TqRq2Rg
Patches;Clarence Carter;Patches;USAT20003371;2021-06-01 18:49;sj1bdpnkh9q3knr3ss718da1d;194s;https://open.spotify.com/track/5vk9PL1tTyWrQY3TqRq2Rg
Devil Woman;Cliff Richard;40 Golden Greats;GBAYE7600329;2021-04-15 03:33;sj1bdpnkh9q3knr3ss718da1d;215s;https://open.spotify.com/track/2oRn0QuaWQ1hragGQ7XZ9s
Devil Woman;Cliff Richard;40 Golden Greats;GBAYE7600329;2021-04-15 03:33;sj1bdpnkh9q3knr3ss718da1d;215s;https://open.spotify.com/track/2oRn0QuaWQ1hragGQ7XZ9s
We Don't Talk Anymore - 2001 Remaster;Cliff Richard;Rock 'n' Roll Juvenile;GBAYE0100642;2021-06-24 00:51;sj1bdpnkh9q3knr3ss718da1d;257s;https://open.spotify.com/track/3Ug96zKa29P3vICEEcYajZ
Couldn't Get It Right;Climax Blues Band;Gold Plated;GBEHT0400579;2021-04-15 03:33;sj1bdpnkh9q3knr3ss718da1d;199s;https://open.spotify.com/track/7GSCnEFxiD6Im98CbfySDw
Couldn't Get It Right;Climax Blues Band;Gold Plated;GBEHT0400579;2021-04-15 03:33;sj1bdpnkh9q3knr3ss718da1d;199s;https://open.spotify.com/track/7GSCnEFxiD6Im98CbfySDw
I Love You;Climax Blues Band;Flying the Flag;USA371622046;2021-04-15 03:33;sj1bdpnkh9q3knr3ss718da1d;245s;https://open.spotify.com/track/3VyJPsb2ucaaVptLSDpJNH
I Love You;Climax Blues Band;Flying the Flag;USA371622046;2021-04-15 03:33;sj1bdpnkh9q3knr3ss718da1d;245s;https://open.spotify.com/track/3VyJPsb2ucaaVptLSDpJNH
Sail On;Commodores;All The Great Love Songs;USMO17900483;2021-04-15 03:33;sj1bdpnkh9q3knr3ss718da1d;240s;https://open.spotify.com/track/2XMjijS8aVAP1ztyNpVEy8
Sail On;Commodores;All The Great Love Songs;USMO17900483;2021-04-15 03:33;sj1bdpnkh9q3knr3ss718da1d;240s;https://open.spotify.com/track/2XMjijS8aVAP1ztyNpVEy8
Southern Cross - 2005 Remaster;Crosby, Stills & Nash;Daylight Again (Deluxe Edition);USAT20506614;2021-04-15 03:33;sj1bdpnkh9q3knr3ss718da1d;281s;https://open.spotify.com/track/5AoZknxgY6F25gAcVahO41
Southern Cross - 2005 Remaster;Crosby, Stills & Nash;Daylight Again (Deluxe Edition);USAT20506614;2021-04-15 03:33;sj1bdpnkh9q3knr3ss718da1d;281s;https://open.spotify.com/track/5AoZknxgY6F25gAcVahO41
Same Old Lang Syne;Dan Fogelberg;Love Songs;USSM17900049;2021-06-01 18:49;sj1bdpnkh9q3knr3ss718da1d;316s;https://open.spotify.com/track/0juQNDN4EdiuG97rgKywkF
Same Old Lang Syne;Dan Fogelberg;Love Songs;USSM17900049;2021-06-01 18:49;sj1bdpnkh9q3knr3ss718da1d;316s;https://open.spotify.com/track/0juQNDN4EdiuG97rgKywkF
I Can't Go for That (No Can Do);Daryl Hall & John Oates;Private Eyes (Expanded Edition);USRC10301819;2021-04-15 03:33;sj1bdpnkh9q3knr3ss718da1d;307s;https://open.spotify.com/track/41dDygR3r7e926oGUXfrLt
I Can't Go for That (No Can Do);Daryl Hall & John Oates;Private Eyes (Expanded Edition);USRC10301819;2021-04-15 03:33;sj1bdpnkh9q3knr3ss718da1d;307s;https://open.spotify.com/track/41dDygR3r7e926oGUXfrLt
Kiss on My List;Daryl Hall & John Oates;Voices;USRC10301820;2021-04-15 03:33;sj1bdpnkh9q3knr3ss718da1d;265s;https://open.spotify.com/track/7cDzJyC95jtGO9zAeZsWOg
Kiss on My List;Daryl Hall & John Oates;Voices;USRC10301820;2021-04-15 03:33;sj1bdpnkh9q3knr3ss718da1d;265s;https://open.spotify.com/track/7cDzJyC95jtGO9zAeZsWOg
Rich Girl;Daryl Hall & John Oates;Bigger Than Both Of Us;USRC17607760;2021-04-15 03:33;sj1bdpnkh9q3knr3ss718da1d;143s;https://open.spotify.com/track/0qRR9d89hIS0MHRkQ0ejxX
Rich Girl;Daryl Hall & John Oates;Bigger Than Both Of Us;USRC17607760;2021-04-15 03:33;sj1bdpnkh9q3knr3ss718da1d;143s;https://open.spotify.com/track/0qRR9d89hIS0MHRkQ0ejxX
Sara Smile;Daryl Hall & John Oates;Daryl Hall & John Oates (The Silver Album);USRC17500581;2021-04-15 03:33;sj1bdpnkh9q3knr3ss718da1d;185s;https://open.spotify.com/track/1qjrYozGqc7upUgfN776lZ
Sara Smile;Daryl Hall & John Oates;Daryl Hall & John Oates (The Silver Album);USRC17500581;2021-04-15 03:33;sj1bdpnkh9q3knr3ss718da1d;185s;https://open.spotify.com/track/1qjrYozGqc7upUgfN776lZ
She's Gone;Daryl Hall & John Oates;Abandoned Luncheonette;USAT20614606;2021-04-15 03:33;sj1bdpnkh9q3knr3ss718da1d;313s;https://open.spotify.com/track/5dFoWIiJ2814hRwMYDcFiU
She's Gone;Daryl Hall & John Oates;Abandoned Luncheonette;USAT20614606;2021-04-15 03:33;sj1bdpnkh9q3knr3ss718da1d;313s;https://open.spotify.com/track/5dFoWIiJ2814hRwMYDcFiU
You Make My Dreams (Come True);Daryl Hall & John Oates;Driving Anthems;USRC10301828;2021-04-15 03:33;sj1bdpnkh9q3knr3ss718da1d;191s;https://open.spotify.com/track/3pH1IlsJAwxkPHdhJ0MQr0
You Make My Dreams (Come True);Daryl Hall & John Oates;Driving Anthems;USRC10301828;2021-04-15 03:33;sj1bdpnkh9q3knr3ss718da1d;191s;https://open.spotify.com/track/3pH1IlsJAwxkPHdhJ0MQr0
Please Come to Boston;Dave Loggins;Apprentice;USSM17500571;2021-04-15 03:33;sj1bdpnkh9q3knr3ss718da1d;246s;https://open.spotify.com/track/1pfSKTDigM2xnWG2Y0AquA
Please Come to Boston;Dave Loggins;Apprentice;USSM17500571;2021-04-15 03:33;sj1bdpnkh9q3knr3ss718da1d;246s;https://open.spotify.com/track/1pfSKTDigM2xnWG2Y0AquA
Took the Last Train;David Gates;Goodbye Girl;USEE10901316;2021-06-01 18:49;sj1bdpnkh9q3knr3ss718da1d;272s;https://open.spotify.com/track/6f5vTwQNj4ZzFBBwCGQ9fA
Took the Last Train;David Gates;Goodbye Girl;USEE10901316;2021-06-01 18:49;sj1bdpnkh9q3knr3ss718da1d;272s;https://open.spotify.com/track/6f5vTwQNj4ZzFBBwCGQ9fA
Drift Away;Dobie Gray;Throwback Tunes: 70s;USMC17146462;2021-04-15 03:33;sj1bdpnkh9q3knr3ss718da1d;234s;https://open.spotify.com/track/11YWR8tzDTR2P4KZ3lAySj
Drift Away;Dobie Gray;Throwback Tunes: 70s;USMC17146462;2021-04-15 03:33;sj1bdpnkh9q3knr3ss718da1d;234s;https://open.spotify.com/track/11YWR8tzDTR2P4KZ3lAySj
I.G.Y.;Donald Fagen;The Nightfly;USWB18200007;2021-04-15 03:33;sj1bdpnkh9q3knr3ss718da1d;363s;https://open.spotify.com/track/6bzwsAtj4TqaBysLDrGiO3
I.G.Y.;Donald Fagen;The Nightfly;USWB18200007;2021-04-15 03:33;sj1bdpnkh9q3knr3ss718da1d;363s;https://open.spotify.com/track/6bzwsAtj4TqaBysLDrGiO3
The Captain of Her Heart;Double;Blue;CH2378500011;2021-06-01 18:49;sj1bdpnkh9q3knr3ss718da1d;275s;https://open.spotify.com/track/5EwltLwI9hRLyiTUAjMsQ6
The Captain of Her Heart;Double;Blue;CH2378500011;2021-06-01 18:49;sj1bdpnkh9q3knr3ss718da1d;275s;https://open.spotify.com/track/5EwltLwI9hRLyiTUAjMsQ6
Better Love Next Time;Dr. Hook;Greatest Hits;USCA28700269;2021-04-15 03:33;sj1bdpnkh9q3knr3ss718da1d;181s;https://open.spotify.com/track/6ZnOQsOEWMhWNENR1HSClT
Better Love Next Time;Dr. Hook;Greatest Hits;USCA28700269;2021-04-15 03:33;sj1bdpnkh9q3knr3ss718da1d;181s;https://open.spotify.com/track/6ZnOQsOEWMhWNENR1HSClT
Sexy Eyes - Single Version;Dr. Hook;Dr. Hook - The Best Of;USCA28700089;2021-04-15 03:33;sj1bdpnkh9q3knr3ss718da1d;177s;https://open.spotify.com/track/6uxGAruWvj6O2hVBBTNITa
Sexy Eyes - Single Version;Dr. Hook;Dr. Hook - The Best Of;USCA28700089;2021-04-15 03:33;sj1bdpnkh9q3knr3ss718da1d;177s;https://open.spotify.com/track/6uxGAruWvj6O2hVBBTNITa
When You're In Love With A Beautiful Woman;Dr. Hook;Pleasure & Pain;USCA28700091;2021-04-15 03:33;sj1bdpnkh9q3knr3ss718da1d;179s;https://open.spotify.com/track/1UiKUFbCfgbVjwY8W657Pv
When You're In Love With A Beautiful Woman;Dr. Hook;Pleasure & Pain;USCA28700091;2021-04-15 03:33;sj1bdpnkh9q3knr3ss718da1d;179s;https://open.spotify.com/track/1UiKUFbCfgbVjwY8W657Pv
I Can't Tell You Why - 2013 Remaster;Eagles;The Long Run (2013 Remaster);USEE11300335;2021-04-15 03:33;sj1bdpnkh9q3knr3ss718da1d;295s;https://open.spotify.com/track/02BsTeJE4q5gWOTt58ur5U
I Can't Tell You Why - 2013 Remaster;Eagles;The Long Run (2013 Remaster);USEE11300335;2021-04-15 03:33;sj1bdpnkh9q3knr3ss718da1d;295s;https://open.spotify.com/track/02BsTeJE4q5gWOTt58ur5U
One of These Nights - 2013 Remaster;Eagles;One of These Nights (2013 Remaster);USEE11300344;2021-04-15 03:33;sj1bdpnkh9q3knr3ss718da1d;292s;https://open.spotify.com/track/608xszaAxVh4m7NcKJiAbF
One of These Nights - 2013 Remaster;Eagles;One of These Nights (2013 Remaster);USEE11300344;2021-04-15 03:33;sj1bdpnkh9q3knr3ss718da1d;292s;https://open.spotify.com/track/608xszaAxVh4m7NcKJiAbF
The Best of My Love - 2013 Remaster;Eagles;On the Border (2013 Remaster);USEE11300333;2021-04-15 03:33;sj1bdpnkh9q3knr3ss718da1d;275s;https://open.spotify.com/track/5MLLuLqPdUlx8bfKtdkLwO
The Best of My Love - 2013 Remaster;Eagles;On the Border (2013 Remaster);USEE11300333;2021-04-15 03:33;sj1bdpnkh9q3knr3ss718da1d;275s;https://open.spotify.com/track/5MLLuLqPdUlx8bfKtdkLwO
I'd Really Love to See You Tonight;England Dan & John Ford Coley;Rhino Hi-Five: England Dan & John Ford Coley;USAT20181306;2021-04-15 03:33;sj1bdpnkh9q3knr3ss718da1d;159s;https://open.spotify.com/track/51WE0PFRB0hCSp9mDC5p8u
I'd Really Love to See You Tonight;England Dan & John Ford Coley;Rhino Hi-Five: England Dan & John Ford Coley;USAT20181306;2021-04-15 03:33;sj1bdpnkh9q3knr3ss718da1d;159s;https://open.spotify.com/track/51WE0PFRB0hCSp9mDC5p8u
Nights Are Forever Without You;England Dan & John Ford Coley;Rhino Hi-Five: England Dan & John Ford Coley;USAT20201191;2021-04-15 03:33;sj1bdpnkh9q3knr3ss718da1d;171s;https://open.spotify.com/track/5AcmDHW8YnIR7k5wD8e3L5
Nights Are Forever Without You;England Dan & John Ford Coley;Rhino Hi-Five: England Dan & John Ford Coley;USAT20201191;2021-04-15 03:33;sj1bdpnkh9q3knr3ss718da1d;171s;https://open.spotify.com/track/5AcmDHW8YnIR7k5wD8e3L5
Careless Whisper Wham;Farhad Besharati;Secret Garden;TCACD1562320;2021-06-01 18:49;sj1bdpnkh9q3knr3ss718da1d;300s;https://open.spotify.com/track/5apaFCPBsoA06bOqYRIPIw
Careless Whisper Wham;Farhad Besharati;Secret Garden;TCACD1562320;2021-06-01 18:49;sj1bdpnkh9q3knr3ss718da1d;300s;https://open.spotify.com/track/5apaFCPBsoA06bOqYRIPIw
Just Remember I Love You;Firefall;'firefall Reunion Live';uscgh0971443;2021-04-15 03:33;sj1bdpnkh9q3knr3ss718da1d;216s;https://open.spotify.com/track/4mxaH9MLP8VN8vXX46y3Jd
Just Remember I Love You;Firefall;'firefall Reunion Live';uscgh0971443;2021-04-15 03:33;sj1bdpnkh9q3knr3ss718da1d;216s;https://open.spotify.com/track/4mxaH9MLP8VN8vXX46y3Jd
You Are the Woman;Firefall;Firefall;USAT20003575;2021-04-15 03:33;sj1bdpnkh9q3knr3ss718da1d;164s;https://open.spotify.com/track/4iiLzvbh0bXMnomiB6DIuk
You Are the Woman;Firefall;Firefall;USAT20003575;2021-04-15 03:33;sj1bdpnkh9q3knr3ss718da1d;164s;https://open.spotify.com/track/4iiLzvbh0bXMnomiB6DIuk
Dreams - 2004 Remaster;Fleetwood Mac;Rumours (Super Deluxe);USWB11301111;2021-04-15 03:33;sj1bdpnkh9q3knr3ss718da1d;258s;https://open.spotify.com/track/0ofHAoxe9vBkTCp2UQIavz
Dreams - 2004 Remaster;Fleetwood Mac;Rumours (Super Deluxe);USWB11301111;2021-04-15 03:33;sj1bdpnkh9q3knr3ss718da1d;258s;https://open.spotify.com/track/0ofHAoxe9vBkTCp2UQIavz
Everywhere - 2017 Remaster;Fleetwood Mac;Tango In the Night (Deluxe Edition);USRH11602189;2021-04-15 03:33;sj1bdpnkh9q3knr3ss718da1d;227s;https://open.spotify.com/track/254bXAqt3zP6P50BdQvEsq
Everywhere - 2017 Remaster;Fleetwood Mac;Tango In the Night (Deluxe Edition);USRH11602189;2021-04-15 03:33;sj1bdpnkh9q3knr3ss718da1d;227s;https://open.spotify.com/track/254bXAqt3zP6P50BdQvEsq
Gypsy;Fleetwood Mac;Greatest Hits;USWB19900203;2021-04-15 03:33;sj1bdpnkh9q3knr3ss718da1d;265s;https://open.spotify.com/track/19Ym5Sg0YyOCa6ao21bdoG
Gypsy;Fleetwood Mac;Greatest Hits;USWB19900203;2021-04-15 03:33;sj1bdpnkh9q3knr3ss718da1d;265s;https://open.spotify.com/track/19Ym5Sg0YyOCa6ao21bdoG
Rhiannon;Fleetwood Mac;Fleetwood Mac;USWB19900188;2021-04-15 03:33;sj1bdpnkh9q3knr3ss718da1d;253s;https://open.spotify.com/track/05oETzWbd4SI33qK2gbJfR
Rhiannon;Fleetwood Mac;Fleetwood Mac;USWB19900188;2021-04-15 03:33;sj1bdpnkh9q3knr3ss718da1d;253s;https://open.spotify.com/track/05oETzWbd4SI33qK2gbJfR
You Make Loving Fun - 2004 Remaster;Fleetwood Mac;Rumours (Super Deluxe);USWB11301117;2021-04-15 03:33;sj1bdpnkh9q3knr3ss718da1d;217s;https://open.spotify.com/track/55mQhobuwtY7lfLAXylg1k
You Make Loving Fun - 2004 Remaster;Fleetwood Mac;Rumours (Super Deluxe);USWB11301117;2021-04-15 03:33;sj1bdpnkh9q3knr3ss718da1d;217s;https://open.spotify.com/track/55mQhobuwtY7lfLAXylg1k
Breezin';George Benson;Breezin';USWB10201610;2021-04-15 03:33;sj1bdpnkh9q3knr3ss718da1d;342s;https://open.spotify.com/track/1m3BAsNsQAaSNMD2M6vlKY
Breezin';George Benson;Breezin';USWB10201610;2021-04-15 03:33;sj1bdpnkh9q3knr3ss718da1d;342s;https://open.spotify.com/track/1m3BAsNsQAaSNMD2M6vlKY
Give Me the Night;George Benson;The George Benson Collection;USWB10902424;2021-04-15 03:33;sj1bdpnkh9q3knr3ss718da1d;223s;https://open.spotify.com/track/62GYoGszQfROZswLee6W3O
Give Me the Night;George Benson;The George Benson Collection;USWB10902424;2021-04-15 03:33;sj1bdpnkh9q3knr3ss718da1d;223s;https://open.spotify.com/track/62GYoGszQfROZswLee6W3O
Baker Street;Gerry Rafferty;City to City;GBAYE7800619;2021-04-15 03:33;sj1bdpnkh9q3knr3ss718da1d;366s;https://open.spotify.com/track/5gOd6zDC8vhlYjqbQdJVWP
Baker Street;Gerry Rafferty;City to City;GBAYE7800619;2021-04-15 03:33;sj1bdpnkh9q3knr3ss718da1d;366s;https://open.spotify.com/track/5gOd6zDC8vhlYjqbQdJVWP
Right Down the Line;Gerry Rafferty;City to City;GBAYE7800544;2021-04-15 03:33;sj1bdpnkh9q3knr3ss718da1d;268s;https://open.spotify.com/track/2Xb6wJYGi0QXwURw5WWvI5
Right Down the Line;Gerry Rafferty;City to City;GBAYE7800544;2021-04-15 03:33;sj1bdpnkh9q3knr3ss718da1d;268s;https://open.spotify.com/track/2Xb6wJYGi0QXwURw5WWvI5
Just the Two of Us (feat. Bill Withers);Grover Washington, Jr., Bill Withers;Anthology;USEE19901162;2021-04-15 03:33;sj1bdpnkh9q3knr3ss718da1d;237s;https://open.spotify.com/track/1ko2lVN0vKGUl9zrU0qSlT
Just the Two of Us (feat. Bill Withers);Grover Washington, Jr., Bill Withers;Anthology;USEE19901162;2021-04-15 03:33;sj1bdpnkh9q3knr3ss718da1d;237s;https://open.spotify.com/track/1ko2lVN0vKGUl9zrU0qSlT
Coconut;Harry Nilsson;Nilsson Schmilsson;USRC17101021;2021-04-15 03:33;sj1bdpnkh9q3knr3ss718da1d;232s;https://open.spotify.com/track/4o5GyaeGMgDsrclBsL3au7
Coconut;Harry Nilsson;Nilsson Schmilsson;USRC17101021;2021-04-15 03:33;sj1bdpnkh9q3knr3ss718da1d;232s;https://open.spotify.com/track/4o5GyaeGMgDsrclBsL3au7
Rise;Herb Alpert;Rise;QM4221500409;2021-06-01 18:49;sj1bdpnkh9q3knr3ss718da1d;457s;https://open.spotify.com/track/1TsmHRIXvMTLP7Vu53XsUV
Rise;Herb Alpert;Rise;QM4221500409;2021-06-01 18:49;sj1bdpnkh9q3knr3ss718da1d;457s;https://open.spotify.com/track/1TsmHRIXvMTLP7Vu53XsUV
Route 101;Herb Alpert;Fandango;QM4221500463;2021-04-15 03:33;sj1bdpnkh9q3knr3ss718da1d;202s;https://open.spotify.com/track/1Tf0xSQyh7O1bsgwjNRkCl
Route 101;Herb Alpert;Fandango;QM4221500463;2021-04-15 03:33;sj1bdpnkh9q3knr3ss718da1d;202s;https://open.spotify.com/track/1Tf0xSQyh7O1bsgwjNRkCl
Rock the Boat;Hues Corporation;Freedom for the Stallion (Expanded Edition);USRC17308512;2021-04-15 03:33;sj1bdpnkh9q3knr3ss718da1d;203s;https://open.spotify.com/track/7fu3Tv5rcoGD1PZV7s57WW
Rock the Boat;Hues Corporation;Freedom for the Stallion (Expanded Edition);USRC17308512;2021-04-15 03:33;sj1bdpnkh9q3knr3ss718da1d;203s;https://open.spotify.com/track/7fu3Tv5rcoGD1PZV7s57WW
Somebody's Baby;Jackson Browne;The Next Voice You Hear - The Best Of Jackson Browne;USEE18200001;2021-04-15 03:33;sj1bdpnkh9q3knr3ss718da1d;263s;https://open.spotify.com/track/4SlCb8n5Jw52astU7GWPyV
Somebody's Baby;Jackson Browne;The Next Voice You Hear - The Best Of Jackson Browne;USEE18200001;2021-04-15 03:33;sj1bdpnkh9q3knr3ss718da1d;263s;https://open.spotify.com/track/4SlCb8n5Jw52astU7GWPyV
Yah-Mo Be There;James Ingram;Stand (In the Light);USR2S0800007;2021-04-15 03:33;sj1bdpnkh9q3knr3ss718da1d;271s;https://open.spotify.com/track/5DcRDETkCSILfPTX02Bw6D
Yah-Mo Be There;James Ingram;Stand (In the Light);USR2S0800007;2021-04-15 03:33;sj1bdpnkh9q3knr3ss718da1d;271s;https://open.spotify.com/track/5DcRDETkCSILfPTX02Bw6D
Her Town Too (with J.D. Souther);James Taylor, JD Souther;Dad Loves His Work;USSM18100451;2021-05-08 01:59;sj1bdpnkh9q3knr3ss718da1d;274s;https://open.spotify.com/track/3ukAkL7aLVrDf7x2XiUkNZ
Her Town Too (with J.D. Souther);James Taylor, JD Souther;Dad Loves His Work;USSM18100451;2021-05-08 01:59;sj1bdpnkh9q3knr3ss718da1d;274s;https://open.spotify.com/track/3ukAkL7aLVrDf7x2XiUkNZ
Shakedown Cruise;Jay Ferguson;Real Life Ain't This Way;USEE10300123;2021-06-01 18:49;sj1bdpnkh9q3knr3ss718da1d;252s;https://open.spotify.com/track/4pNJhFtUGs7UQL61NiPP31
Shakedown Cruise;Jay Ferguson;Real Life Ain't This Way;USEE10300123;2021-06-01 18:49;sj1bdpnkh9q3knr3ss718da1d;252s;https://open.spotify.com/track/4pNJhFtUGs7UQL61NiPP31
Thunder Island;Jay Ferguson;Thunder Island;USEE10250542;2021-04-15 03:33;sj1bdpnkh9q3knr3ss718da1d;241s;https://open.spotify.com/track/3FkQN4NyCFlfn7fWzBkWCj
Thunder Island;Jay Ferguson;Thunder Island;USEE10250542;2021-04-15 03:33;sj1bdpnkh9q3knr3ss718da1d;241s;https://open.spotify.com/track/3FkQN4NyCFlfn7fWzBkWCj
Miracles;Jefferson Starship;Red Octopus;USRC17504234;2021-06-01 18:49;sj1bdpnkh9q3knr3ss718da1d;412s;https://open.spotify.com/track/5dFvprlP5JS7gxeaMhMOWS
Miracles;Jefferson Starship;Red Octopus;USRC17504234;2021-06-01 18:49;sj1bdpnkh9q3knr3ss718da1d;412s;https://open.spotify.com/track/5dFvprlP5JS7gxeaMhMOWS
Heart to Heart;Kenny Loggins;High Adventure;USSM18200128;2021-04-15 03:33;sj1bdpnkh9q3knr3ss718da1d;322s;https://open.spotify.com/track/2KaA0Tgl3RmQLzcvLEtzLH
Heart to Heart;Kenny Loggins;High Adventure;USSM18200128;2021-04-15 03:33;sj1bdpnkh9q3knr3ss718da1d;322s;https://open.spotify.com/track/2KaA0Tgl3RmQLzcvLEtzLH
I Believe In Love;Kenny Loggins;Celebrate Me Home;USSM19914421;2021-04-15 03:33;sj1bdpnkh9q3knr3ss718da1d;210s;https://open.spotify.com/track/7B4gn4dPeLtB3x63exF7F4
I Believe In Love;Kenny Loggins;Celebrate Me Home;USSM19914421;2021-04-15 03:33;sj1bdpnkh9q3knr3ss718da1d;210s;https://open.spotify.com/track/7B4gn4dPeLtB3x63exF7F4
I Gotta Try;Kenny Loggins;High Adventure;USSM10026998;2021-04-15 03:33;sj1bdpnkh9q3knr3ss718da1d;233s;https://open.spotify.com/track/7no0rR6FHbjQfZK7yuD2N8
I Gotta Try;Kenny Loggins;High Adventure;USSM10026998;2021-04-15 03:33;sj1bdpnkh9q3knr3ss718da1d;233s;https://open.spotify.com/track/7no0rR6FHbjQfZK7yuD2N8
"I'm Alright - Theme from ""Caddyshack""";Kenny Loggins;Yesterday, Today, Tomorrow - The Greatest Hits Of Kenny Loggins;USSM18000120;2021-04-15 03:33;sj1bdpnkh9q3knr3ss718da1d;226s;https://open.spotify.com/track/7vJnM5FUcOV3xAKJHSSUWj
"I'm Alright - Theme from ""Caddyshack""";Kenny Loggins;Yesterday, Today, Tomorrow - The Greatest Hits Of Kenny Loggins;USSM18000120;2021-04-15 03:33;sj1bdpnkh9q3knr3ss718da1d;226s;https://open.spotify.com/track/7vJnM5FUcOV3xAKJHSSUWj
Love Has Come of Age;Kenny Loggins;Keep The Fire;USSM10203227;2021-04-15 03:33;sj1bdpnkh9q3knr3ss718da1d;234s;https://open.spotify.com/track/3rrhxGlj5XVQw12AkMGWYp
Love Has Come of Age;Kenny Loggins;Keep The Fire;USSM10203227;2021-04-15 03:33;sj1bdpnkh9q3knr3ss718da1d;234s;https://open.spotify.com/track/3rrhxGlj5XVQw12AkMGWYp
This Is It;Kenny Loggins;Keep The Fire;USSM10020938;2021-04-15 03:33;sj1bdpnkh9q3knr3ss718da1d;237s;https://open.spotify.com/track/0YO8KsprTrEUEvJevpI7Na
This Is It;Kenny Loggins;Keep The Fire;USSM10020938;2021-04-15 03:33;sj1bdpnkh9q3knr3ss718da1d;237s;https://open.spotify.com/track/0YO8KsprTrEUEvJevpI7Na
"Whenever I Call You ""Friend"" (feat. Stevie Nicks)";Kenny Loggins, Stevie Nicks;Nightwatch;USSM17800139;2021-04-15 03:33;sj1bdpnkh9q3knr3ss718da1d;238s;https://open.spotify.com/track/5NCY3uTCovd93aqwbodUhm
"Whenever I Call You ""Friend"" (feat. Stevie Nicks)";Kenny Loggins, Stevie Nicks;Nightwatch;USSM17800139;2021-04-15 03:33;sj1bdpnkh9q3knr3ss718da1d;238s;https://open.spotify.com/track/5NCY3uTCovd93aqwbodUhm
You Make Me Feel Like Dancing - Remastered;Leo Sayer;Endless Flight;USWB10202831;2021-04-15 03:33;sj1bdpnkh9q3knr3ss718da1d;219s;https://open.spotify.com/track/6gTrbqZnyljwXdYQTyBkSx
You Make Me Feel Like Dancing - Remastered;Leo Sayer;Endless Flight;USWB10202831;2021-04-15 03:33;sj1bdpnkh9q3knr3ss718da1d;219s;https://open.spotify.com/track/6gTrbqZnyljwXdYQTyBkSx
You're No Good;Linda Ronstadt;Heart Like A Wheel;USCA28500304;2021-04-15 03:33;sj1bdpnkh9q3knr3ss718da1d;224s;https://open.spotify.com/track/23DZLSxCK6kM8FF2RlzKDl
You're No Good;Linda Ronstadt;Heart Like A Wheel;USCA28500304;2021-04-15 03:33;sj1bdpnkh9q3knr3ss718da1d;224s;https://open.spotify.com/track/23DZLSxCK6kM8FF2RlzKDl
All Night Long (All Night) - Single Version;Lionel Richie;The Definitive Collection;USMO18390005;2021-04-15 03:33;sj1bdpnkh9q3knr3ss718da1d;260s;https://open.spotify.com/track/2Wb9ejnmy27DUTUe9YF5Ew
All Night Long (All Night) - Single Version;Lionel Richie;The Definitive Collection;USMO18390005;2021-04-15 03:33;sj1bdpnkh9q3knr3ss718da1d;260s;https://open.spotify.com/track/2Wb9ejnmy27DUTUe9YF5Ew
Cool Change - Remastered;Little River Band;First Under The Wire (2010 Remaster);USCA21001411;2021-04-15 03:33;sj1bdpnkh9q3knr3ss718da1d;313s;https://open.spotify.com/track/1RaUxP6LHVAgbmLOn2naLl
Cool Change - Remastered;Little River Band;First Under The Wire (2010 Remaster);USCA21001411;2021-04-15 03:33;sj1bdpnkh9q3knr3ss718da1d;313s;https://open.spotify.com/track/1RaUxP6LHVAgbmLOn2naLl
Reminiscing - Remastered;Little River Band;Sleeper Catcher (Remastered);AUEM01000133;2021-04-15 03:33;sj1bdpnkh9q3knr3ss718da1d;253s;https://open.spotify.com/track/34D6mvDTAPypm92EPs8Rxa
Reminiscing - Remastered;Little River Band;Sleeper Catcher (Remastered);AUEM01000133;2021-04-15 03:33;sj1bdpnkh9q3knr3ss718da1d;253s;https://open.spotify.com/track/34D6mvDTAPypm92EPs8Rxa
Danny's Song;Loggins & Messina;The Best: Loggins & Messina Sittin' In Again;USSM17100303;2021-04-15 03:33;sj1bdpnkh9q3knr3ss718da1d;255s;https://open.spotify.com/track/0ju1jP0cSPJ8tmojYBEI89
Danny's Song;Loggins & Messina;The Best: Loggins & Messina Sittin' In Again;USSM17100303;2021-04-15 03:33;sj1bdpnkh9q3knr3ss718da1d;255s;https://open.spotify.com/track/0ju1jP0cSPJ8tmojYBEI89
Vahevala;Loggins & Messina;The Best: Loggins & Messina Sittin' In Again;USSM19914394;2021-04-15 03:33;sj1bdpnkh9q3knr3ss718da1d;287s;https://open.spotify.com/track/70zPCefBmjFrkRgoJq3ac6
Vahevala;Loggins & Messina;The Best: Loggins & Messina Sittin' In Again;USSM19914394;2021-04-15 03:33;sj1bdpnkh9q3knr3ss718da1d;287s;https://open.spotify.com/track/70zPCefBmjFrkRgoJq3ac6
Brandy (You're a Fine Girl);Looking Glass;Looking Glass;USSM10903222;2021-04-15 03:33;sj1bdpnkh9q3knr3ss718da1d;187s;https://open.spotify.com/track/2BY7ALEWdloFHgQZG6VMLA
Brandy (You're a Fine Girl);Looking Glass;Looking Glass;USSM10903222;2021-04-15 03:33;sj1bdpnkh9q3knr3ss718da1d;187s;https://open.spotify.com/track/2BY7ALEWdloFHgQZG6VMLA
Wildfire;Michael Martin Murphey;The Best Of Michael Martin Murphey;USCN18400040;2021-04-15 03:33;sj1bdpnkh9q3knr3ss718da1d;308s;https://open.spotify.com/track/737c89v3Zdit8EUyNJ7KeS
Wildfire;Michael Martin Murphey;The Best Of Michael Martin Murphey;USCN18400040;2021-04-15 03:33;sj1bdpnkh9q3knr3ss718da1d;308s;https://open.spotify.com/track/737c89v3Zdit8EUyNJ7KeS
I Gotta Try;Michael McDonald;If That's What It Takes;USWB19903130;2021-04-15 03:33;sj1bdpnkh9q3knr3ss718da1d;235s;https://open.spotify.com/track/0qnfAVtzFPY0pOGYpTkZeY
I Gotta Try;Michael McDonald;If That's What It Takes;USWB19903130;2021-04-15 03:33;sj1bdpnkh9q3knr3ss718da1d;235s;https://open.spotify.com/track/0qnfAVtzFPY0pOGYpTkZeY
I Keep Forgettin' (Every Time You're Near);Michael McDonald;If That's What It Takes;USWB19903128;2021-04-15 03:33;sj1bdpnkh9q3knr3ss718da1d;222s;https://open.spotify.com/track/5GvWrvLIqoHroq7YvO260M
I Keep Forgettin' (Every Time You're Near);Michael McDonald;If That's What It Takes;USWB19903128;2021-04-15 03:33;sj1bdpnkh9q3knr3ss718da1d;222s;https://open.spotify.com/track/5GvWrvLIqoHroq7YvO260M
Playin' by the Rules;Michael McDonald;If That's What It Takes;USWB19903127;2021-04-15 03:33;sj1bdpnkh9q3knr3ss718da1d;300s;https://open.spotify.com/track/2VPbB0qUgybHw74XxSbq6D
Playin' by the Rules;Michael McDonald;If That's What It Takes;USWB19903127;2021-04-15 03:33;sj1bdpnkh9q3knr3ss718da1d;300s;https://open.spotify.com/track/2VPbB0qUgybHw74XxSbq6D
Sweet Freedom - Live;Michael McDonald;Live on Soundstage;QMRSZ1701952;2021-04-15 03:33;sj1bdpnkh9q3knr3ss718da1d;324s;https://open.spotify.com/track/0x5T32khKAbro9bHapjoRL
Sweet Freedom - Live;Michael McDonald;Live on Soundstage;QMRSZ1701952;2021-04-15 03:33;sj1bdpnkh9q3knr3ss718da1d;324s;https://open.spotify.com/track/0x5T32khKAbro9bHapjoRL
Lotta Love;Nicolette Larson;Nicolette;USWB10100567;2021-04-15 03:33;sj1bdpnkh9q3knr3ss718da1d;192s;https://open.spotify.com/track/2bS2tETCzUmjALnXEvhOGo
Lotta Love;Nicolette Larson;Nicolette;USWB10100567;2021-04-15 03:33;sj1bdpnkh9q3knr3ss718da1d;192s;https://open.spotify.com/track/2bS2tETCzUmjALnXEvhOGo
Magic;Olivia Newton-John;20th Century Masters: The Millennium Collection: Best Of Olivia Newton-John;USMC18010313;2021-04-15 03:33;sj1bdpnkh9q3knr3ss718da1d;269s;https://open.spotify.com/track/1H5A1GNZUv4eUf1t9RFdid
Magic;Olivia Newton-John;20th Century Masters: The Millennium Collection: Best Of Olivia Newton-John;USMC18010313;2021-04-15 03:33;sj1bdpnkh9q3knr3ss718da1d;269s;https://open.spotify.com/track/1H5A1GNZUv4eUf1t9RFdid
Dance with Me;Orleans;Dance With Me: The Best Of Orleans;USEE10250642;2021-04-15 03:33;sj1bdpnkh9q3knr3ss718da1d;180s;https://open.spotify.com/track/2GORop0i2cyx8C0A3JzL44
Dance with Me;Orleans;Dance With Me: The Best Of Orleans;USEE10250642;2021-04-15 03:33;sj1bdpnkh9q3knr3ss718da1d;180s;https://open.spotify.com/track/2GORop0i2cyx8C0A3JzL44
Love Takes Time;Orleans;Yacht Rock;USEE10413923;2021-06-01 18:49;sj1bdpnkh9q3knr3ss718da1d;260s;https://open.spotify.com/track/59bffgIWrN5dKx9iv9pHoz
Love Takes Time;Orleans;Yacht Rock;USEE10413923;2021-06-01 18:49;sj1bdpnkh9q3knr3ss718da1d;260s;https://open.spotify.com/track/59bffgIWrN5dKx9iv9pHoz
Still the One;Orleans;Waking & Dreaming;USEE10250656;2021-04-15 03:33;sj1bdpnkh9q3knr3ss718da1d;234s;https://open.spotify.com/track/2dtK02TSAuTvVYU2wGAVG0
Still the One;Orleans;Waking & Dreaming;USEE10250656;2021-04-15 03:33;sj1bdpnkh9q3knr3ss718da1d;234s;https://open.spotify.com/track/2dtK02TSAuTvVYU2wGAVG0
Love Will Find A Way;Pablo Cruise;Worlds Away;USAM10110111;2021-04-15 03:33;sj1bdpnkh9q3knr3ss718da1d;251s;https://open.spotify.com/track/2LqzuRukwnpeWYLXBtiwmq
Love Will Find A Way;Pablo Cruise;Worlds Away;USAM10110111;2021-04-15 03:33;sj1bdpnkh9q3knr3ss718da1d;251s;https://open.spotify.com/track/2LqzuRukwnpeWYLXBtiwmq
Whatcha Gonna Do?;Pablo Cruise;A Place In The Sun;USAM10000209;2021-04-15 03:33;sj1bdpnkh9q3knr3ss718da1d;257s;https://open.spotify.com/track/6SMR0XI8a1D6gEpMTIju2y
Whatcha Gonna Do?;Pablo Cruise;A Place In The Sun;USAM10000209;2021-04-15 03:33;sj1bdpnkh9q3knr3ss718da1d;257s;https://open.spotify.com/track/6SMR0XI8a1D6gEpMTIju2y
You're Out To Lose;Pablo Cruise;Worlds Away;USUM70824444;2021-04-15 03:33;sj1bdpnkh9q3knr3ss718da1d;208s;https://open.spotify.com/track/1VyVqmnoDsjY2eOTB3hJYZ
You're Out To Lose;Pablo Cruise;Worlds Away;USUM70824444;2021-04-15 03:33;sj1bdpnkh9q3knr3ss718da1d;208s;https://open.spotify.com/track/1VyVqmnoDsjY2eOTB3hJYZ
Who's Right, Who's Wrong;Pages;Future Street;USSM10207926;2021-04-15 03:33;sj1bdpnkh9q3knr3ss718da1d;259s;https://open.spotify.com/track/5IXfPffHYMM9a7nrHWjh8l
Who's Right, Who's Wrong;Pages;Future Street;USSM10207926;2021-04-15 03:33;sj1bdpnkh9q3knr3ss718da1d;259s;https://open.spotify.com/track/5IXfPffHYMM9a7nrHWjh8l
Cool Night;Paul Davis;Cool Night;USAR18100010;2021-04-15 03:33;sj1bdpnkh9q3knr3ss718da1d;219s;https://open.spotify.com/track/29KyVqHekckVGfxHn8QS7m
Cool Night;Paul Davis;Cool Night;USAR18100010;2021-04-15 03:33;sj1bdpnkh9q3knr3ss718da1d;219s;https://open.spotify.com/track/29KyVqHekckVGfxHn8QS7m
I Go Crazy;Paul Davis;Singer of Songs, Teller of Tales;USSM17701034;2021-04-15 03:33;sj1bdpnkh9q3knr3ss718da1d;234s;https://open.spotify.com/track/08kvJTpcthAvvvW0BAcGHN
I Go Crazy;Paul Davis;Singer of Songs, Teller of Tales;USSM17701034;2021-04-15 03:33;sj1bdpnkh9q3knr3ss718da1d;234s;https://open.spotify.com/track/08kvJTpcthAvvvW0BAcGHN
Easy Lover;Philip Bailey, Phil Collins;Chinese Wall (Expanded Edition);USSM18400801;2021-04-15 03:33;sj1bdpnkh9q3knr3ss718da1d;306s;https://open.spotify.com/track/5LYJ631w9ps5h9tdvac7yP
Easy Lover;Philip Bailey, Phil Collins;Chinese Wall (Expanded Edition);USSM18400801;2021-04-15 03:33;sj1bdpnkh9q3knr3ss718da1d;306s;https://open.spotify.com/track/5LYJ631w9ps5h9tdvac7yP
Baby Come Back;Player;Late Night Tales: Music For Pleasure;NLF050190048;2021-04-15 03:33;sj1bdpnkh9q3knr3ss718da1d;214s;https://open.spotify.com/track/2eRYuzlSOBk3HlMsCSOLPJ
Baby Come Back;Player;Late Night Tales: Music For Pleasure;NLF050190048;2021-04-15 03:33;sj1bdpnkh9q3knr3ss718da1d;214s;https://open.spotify.com/track/2eRYuzlSOBk3HlMsCSOLPJ
Heart Of The Night;Poco;Legend;USMC17908377;2021-04-15 03:33;sj1bdpnkh9q3knr3ss718da1d;295s;https://open.spotify.com/track/6fNID7koTl1dZBCs6FmK4E
Heart Of The Night;Poco;Legend;USMC17908377;2021-04-15 03:33;sj1bdpnkh9q3knr3ss718da1d;295s;https://open.spotify.com/track/6fNID7koTl1dZBCs6FmK4E
Amie - Remastered 1988;Pure Prairie League;Bustin Out;USRC18805836;2021-04-15 03:33;sj1bdpnkh9q3knr3ss718da1d;259s;https://open.spotify.com/track/34FWzxRaGdAZyGQz0krlHF
Amie - Remastered 1988;Pure Prairie League;Bustin Out;USRC18805836;2021-04-15 03:33;sj1bdpnkh9q3knr3ss718da1d;259s;https://open.spotify.com/track/34FWzxRaGdAZyGQz0krlHF
Cool Cat - Remastered 2011;Queen;Hot Space (Deluxe Remastered Version);GBUM71103440;2021-06-01 18:49;sj1bdpnkh9q3knr3ss718da1d;209s;https://open.spotify.com/track/6Re2AwZUVlgBng04BZTauW
Cool Cat - Remastered 2011;Queen;Hot Space (Deluxe Remastered Version);GBUM71103440;2021-06-01 18:49;sj1bdpnkh9q3knr3ss718da1d;209s;https://open.spotify.com/track/6Re2AwZUVlgBng04BZTauW
Can't Fight This Feeling;REO Speedwagon;Wheels Are Turnin';USSM18400442;2021-06-01 18:49;sj1bdpnkh9q3knr3ss718da1d;295s;https://open.spotify.com/track/5WwqdeavrQrbeAMDxGawse
Can't Fight This Feeling;REO Speedwagon;Wheels Are Turnin';USSM18400442;2021-06-01 18:49;sj1bdpnkh9q3knr3ss718da1d;295s;https://open.spotify.com/track/5WwqdeavrQrbeAMDxGawse
Keep on Loving You;REO Speedwagon;Hi Infidelity (30th Anniversary Edition);USSM11102617;2021-04-15 03:33;sj1bdpnkh9q3knr3ss718da1d;200s;https://open.spotify.com/track/4rcHWl68ai6KvpXlc8vbnE
Keep on Loving You;REO Speedwagon;Hi Infidelity (30th Anniversary Edition);USSM11102617;2021-04-15 03:33;sj1bdpnkh9q3knr3ss718da1d;200s;https://open.spotify.com/track/4rcHWl68ai6KvpXlc8vbnE
Steal Away - Remastered;Robbie Dupree;Robbie Dupree;USEE10184775;2021-04-15 03:33;sj1bdpnkh9q3knr3ss718da1d;214s;https://open.spotify.com/track/7v5rsCN3LhX9XaIlWyTdx3
Steal Away - Remastered;Robbie Dupree;Robbie Dupree;USEE10184775;2021-04-15 03:33;sj1bdpnkh9q3knr3ss718da1d;214s;https://open.spotify.com/track/7v5rsCN3LhX9XaIlWyTdx3
Can We Still Be Friends?;Robert Palmer;Secrets;USIR27900022;2021-04-15 03:33;sj1bdpnkh9q3knr3ss718da1d;219s;https://open.spotify.com/track/1Rgvh8FujfYrghalBtAQ9n
Can We Still Be Friends?;Robert Palmer;Secrets;USIR27900022;2021-04-15 03:33;sj1bdpnkh9q3knr3ss718da1d;219s;https://open.spotify.com/track/1Rgvh8FujfYrghalBtAQ9n
Every Kinda People;Robert Palmer;Double Fun;USIR27800052;2021-04-15 03:33;sj1bdpnkh9q3knr3ss718da1d;198s;https://open.spotify.com/track/38E7U60ipLSTVDcPIuVzZw
Every Kinda People;Robert Palmer;Double Fun;USIR27800052;2021-04-15 03:33;sj1bdpnkh9q3knr3ss718da1d;198s;https://open.spotify.com/track/38E7U60ipLSTVDcPIuVzZw
Do You Love What You Feel;Rufus & Chaka Khan;Masterjam;USMC17909421;2021-06-01 18:49;sj1bdpnkh9q3knr3ss718da1d;269s;https://open.spotify.com/track/7fYozX6MaNmfHoGW7bFTdK
Do You Love What You Feel;Rufus & Chaka Khan;Masterjam;USMC17909421;2021-06-01 18:49;sj1bdpnkh9q3knr3ss718da1d;269s;https://open.spotify.com/track/7fYozX6MaNmfHoGW7bFTdK
Answering Machine;Rupert Holmes;Partners In Crime;USMC10000423;2021-04-15 03:33;sj1bdpnkh9q3knr3ss718da1d;215s;https://open.spotify.com/track/5Qo14bQqTK9iGbf2g6JUjL
Answering Machine;Rupert Holmes;Partners In Crime;USMC10000423;2021-04-15 03:33;sj1bdpnkh9q3knr3ss718da1d;215s;https://open.spotify.com/track/5Qo14bQqTK9iGbf2g6JUjL
Escape (The Pina Colada Song);Rupert Holmes;Partners In Crime;USMC17948997;2021-04-15 03:33;sj1bdpnkh9q3knr3ss718da1d;276s;https://open.spotify.com/track/5IMtdHjJ1OtkxbGe4zfUxQ
Escape (The Pina Colada Song);Rupert Holmes;Partners In Crime;USMC17948997;2021-04-15 03:33;sj1bdpnkh9q3knr3ss718da1d;276s;https://open.spotify.com/track/5IMtdHjJ1OtkxbGe4zfUxQ
Him;Rupert Holmes;Partners In Crime;USMC10000422;2021-04-15 03:33;sj1bdpnkh9q3knr3ss718da1d;246s;https://open.spotify.com/track/5rMthFHPxRDi4Uxg06iK6H
Him;Rupert Holmes;Partners In Crime;USMC10000422;2021-04-15 03:33;sj1bdpnkh9q3knr3ss718da1d;246s;https://open.spotify.com/track/5rMthFHPxRDi4Uxg06iK6H
Oriental Gate (No Chance of Changin' My Mind);Sanford Townsend Band;Smoke From A Distant Fire;USWB10001452;2021-04-15 03:33;sj1bdpnkh9q3knr3ss718da1d;201s;https://open.spotify.com/track/0pyKEBWfZT599VYdKmRqF4
Oriental Gate (No Chance of Changin' My Mind);Sanford Townsend Band;Smoke From A Distant Fire;USWB10001452;2021-04-15 03:33;sj1bdpnkh9q3knr3ss718da1d;201s;https://open.spotify.com/track/0pyKEBWfZT599VYdKmRqF4
Smoke from a Distant Fire;Sanford Townsend Band;Smoke From A Distant Fire;USWB10001450;2021-06-01 18:49;sj1bdpnkh9q3knr3ss718da1d;214s;https://open.spotify.com/track/62obgbkuUt75nDIiIcLI4T
Smoke from a Distant Fire;Sanford Townsend Band;Smoke From A Distant Fire;USWB10001450;2021-06-01 18:49;sj1bdpnkh9q3knr3ss718da1d;214s;https://open.spotify.com/track/62obgbkuUt75nDIiIcLI4T
Diamond Girl;Seals and Crofts;Diamond Girl;USWB19901638;2021-04-15 03:33;sj1bdpnkh9q3knr3ss718da1d;253s;https://open.spotify.com/track/7CQQBWqFfROA5RWyY04ifv
Diamond Girl;Seals and Crofts;Diamond Girl;USWB19901638;2021-04-15 03:33;sj1bdpnkh9q3knr3ss718da1d;253s;https://open.spotify.com/track/7CQQBWqFfROA5RWyY04ifv
Summer Breeze;Seals and Crofts;Seals & Crofts' Greatest Hits;USWB19901645;2021-04-15 03:33;sj1bdpnkh9q3knr3ss718da1d;205s;https://open.spotify.com/track/01UYpHuzHi4eB9PAbDoPY2
Summer Breeze;Seals and Crofts;Seals & Crofts' Greatest Hits;USWB19901645;2021-04-15 03:33;sj1bdpnkh9q3knr3ss718da1d;205s;https://open.spotify.com/track/01UYpHuzHi4eB9PAbDoPY2
Moonlight Feels Right;Starbuck;Moonlight Feels Right;USS8D7620019;2021-04-15 03:33;sj1bdpnkh9q3knr3ss718da1d;221s;https://open.spotify.com/track/7sfMjwBcAatrNH46rn1YsK
Moonlight Feels Right;Starbuck;Moonlight Feels Right;USS8D7620019;2021-04-15 03:33;sj1bdpnkh9q3knr3ss718da1d;221s;https://open.spotify.com/track/7sfMjwBcAatrNH46rn1YsK
Afternoon Delight;Starland Vocal Band;Starland Vocal Band;USRZR0491708;2021-04-15 03:33;sj1bdpnkh9q3knr3ss718da1d;193s;https://open.spotify.com/track/3uLk0uQ4zMS26h89Of8XOD
Afternoon Delight;Starland Vocal Band;Starland Vocal Band;USRZR0491708;2021-04-15 03:33;sj1bdpnkh9q3knr3ss718da1d;193s;https://open.spotify.com/track/3uLk0uQ4zMS26h89Of8XOD
Any Major Dude Will Tell You;Steely Dan;Pretzel Logic;USMC17447198;2021-04-15 03:33;sj1bdpnkh9q3knr3ss718da1d;187s;https://open.spotify.com/track/7BVIm4yj3PQ6MwTPwcjka6
Any Major Dude Will Tell You;Steely Dan;Pretzel Logic;USMC17447198;2021-04-15 03:33;sj1bdpnkh9q3knr3ss718da1d;187s;https://open.spotify.com/track/7BVIm4yj3PQ6MwTPwcjka6
Any World (That I'm Welcome To);Steely Dan;Katy Lied;USMC17447216;2021-04-15 03:33;sj1bdpnkh9q3knr3ss718da1d;234s;https://open.spotify.com/track/5tVTS01ZAk7pGk5Mx3b52v
Any World (That I'm Welcome To);Steely Dan;Katy Lied;USMC17447216;2021-04-15 03:33;sj1bdpnkh9q3knr3ss718da1d;234s;https://open.spotify.com/track/5tVTS01ZAk7pGk5Mx3b52v
Babylon Sisters;Steely Dan;Gaucho;USMC17847236;2021-04-15 03:33;sj1bdpnkh9q3knr3ss718da1d;348s;https://open.spotify.com/track/1YNhmLrfv9fOyv7ClZ0Gre
Babylon Sisters;Steely Dan;Gaucho;USMC17847236;2021-04-15 03:33;sj1bdpnkh9q3knr3ss718da1d;348s;https://open.spotify.com/track/1YNhmLrfv9fOyv7ClZ0Gre
Bad Sneakers;Steely Dan;Katy Lied;USMC17447209;2021-06-01 18:49;sj1bdpnkh9q3knr3ss718da1d;200s;https://open.spotify.com/track/4tnHUv4TXFIu5hjXjRC8JQ
Bad Sneakers;Steely Dan;Katy Lied;USMC17447209;2021-06-01 18:49;sj1bdpnkh9q3knr3ss718da1d;200s;https://open.spotify.com/track/4tnHUv4TXFIu5hjXjRC8JQ
Black Cow;Steely Dan;Aja;USMC17647228;2021-06-01 18:49;sj1bdpnkh9q3knr3ss718da1d;310s;https://open.spotify.com/track/66e2KstOkIo6V9PyDXWo3w
Black Cow;Steely Dan;Aja;USMC17647228;2021-06-01 18:49;sj1bdpnkh9q3knr3ss718da1d;310s;https://open.spotify.com/track/66e2KstOkIo6V9PyDXWo3w
Deacon Blues;Steely Dan;Aja;USMC17647231;2021-04-15 03:33;sj1bdpnkh9q3knr3ss718da1d;457s;https://open.spotify.com/track/7Hx2EA4wGaxtsiZCVVLV1i
Deacon Blues;Steely Dan;Aja;USMC17647231;2021-04-15 03:33;sj1bdpnkh9q3knr3ss718da1d;457s;https://open.spotify.com/track/7Hx2EA4wGaxtsiZCVVLV1i
Dirty Work;Steely Dan;Can't Buy A Thrill;USMC17347180;2021-04-15 03:33;sj1bdpnkh9q3knr3ss718da1d;187s;https://open.spotify.com/track/0s1aSsYlLIEiy16LjFWbdp
Dirty Work;Steely Dan;Can't Buy A Thrill;USMC17347180;2021-04-15 03:33;sj1bdpnkh9q3knr3ss718da1d;187s;https://open.spotify.com/track/0s1aSsYlLIEiy16LjFWbdp
Do It Again;Steely Dan;Can't Buy A Thrill;USMC17347179;2021-04-15 03:33;sj1bdpnkh9q3knr3ss718da1d;357s;https://open.spotify.com/track/2BstRQGodshjGpeDGQiNgo
Do It Again;Steely Dan;Can't Buy A Thrill;USMC17347179;2021-04-15 03:33;sj1bdpnkh9q3knr3ss718da1d;357s;https://open.spotify.com/track/2BstRQGodshjGpeDGQiNgo
Everything You Did;Steely Dan;The Royal Scam;USMC17547225;2021-04-15 03:33;sj1bdpnkh9q3knr3ss718da1d;236s;https://open.spotify.com/track/0awgWi0pDZ2qzxQL75DJtz
Everything You Did;Steely Dan;The Royal Scam;USMC17547225;2021-04-15 03:33;sj1bdpnkh9q3knr3ss718da1d;236s;https://open.spotify.com/track/0awgWi0pDZ2qzxQL75DJtz
Haitian Divorce;Steely Dan;The Royal Scam;USMC17547224;2021-04-15 03:33;sj1bdpnkh9q3knr3ss718da1d;351s;https://open.spotify.com/track/4r4VpAcwrKtvX4klQ9EHUs
Haitian Divorce;Steely Dan;The Royal Scam;USMC17547224;2021-04-15 03:33;sj1bdpnkh9q3knr3ss718da1d;351s;https://open.spotify.com/track/4r4VpAcwrKtvX4klQ9EHUs
Hey Nineteen;Steely Dan;Gaucho;USMC17947237;2021-04-15 03:33;sj1bdpnkh9q3knr3ss718da1d;307s;https://open.spotify.com/track/1tjK9HhmpEfk0ijyIKsoUk
Hey Nineteen;Steely Dan;Gaucho;USMC17947237;2021-04-15 03:33;sj1bdpnkh9q3knr3ss718da1d;307s;https://open.spotify.com/track/1tjK9HhmpEfk0ijyIKsoUk
Josie;Steely Dan;Aja;USMC17647234;2021-04-15 03:33;sj1bdpnkh9q3knr3ss718da1d;271s;https://open.spotify.com/track/2P6eZ3eCyWVhEhGNqMFBLv
Josie;Steely Dan;Aja;USMC17647234;2021-04-15 03:33;sj1bdpnkh9q3knr3ss718da1d;271s;https://open.spotify.com/track/2P6eZ3eCyWVhEhGNqMFBLv
Kid Charlemagne;Steely Dan;The Royal Scam;USMC17547218;2021-04-15 03:33;sj1bdpnkh9q3knr3ss718da1d;279s;https://open.spotify.com/track/3sqNXrDvCy4nid6XbaA2Cg
Kid Charlemagne;Steely Dan;The Royal Scam;USMC17547218;2021-04-15 03:33;sj1bdpnkh9q3knr3ss718da1d;279s;https://open.spotify.com/track/3sqNXrDvCy4nid6XbaA2Cg
King Of The World;Steely Dan;Countdown To Ecstasy;USMC17347195;2021-04-15 03:33;sj1bdpnkh9q3knr3ss718da1d;300s;https://open.spotify.com/track/0ZxWG91nxZcCsEUd6ykc6i
King Of The World;Steely Dan;Countdown To Ecstasy;USMC17347195;2021-04-15 03:33;sj1bdpnkh9q3knr3ss718da1d;300s;https://open.spotify.com/track/0ZxWG91nxZcCsEUd6ykc6i
Only A Fool Would Say That;Steely Dan;Can't Buy A Thrill;USMC17347183;2021-04-15 03:33;sj1bdpnkh9q3knr3ss718da1d;176s;https://open.spotify.com/track/6eT2fNwiVD04D3R4uP5qOv
Only A Fool Would Say That;Steely Dan;Can't Buy A Thrill;USMC17347183;2021-04-15 03:33;sj1bdpnkh9q3knr3ss718da1d;176s;https://open.spotify.com/track/6eT2fNwiVD04D3R4uP5qOv
Peg;Steely Dan;Aja;USMC17647230;2021-04-15 03:33;sj1bdpnkh9q3knr3ss718da1d;240s;https://open.spotify.com/track/5DQAHkO9U4IZIombHefcqK
Peg;Steely Dan;Aja;USMC17647230;2021-04-15 03:33;sj1bdpnkh9q3knr3ss718da1d;240s;https://open.spotify.com/track/5DQAHkO9U4IZIombHefcqK
The Caves Of Altamira;Steely Dan;The Royal Scam;USMC17547219;2021-06-01 18:49;sj1bdpnkh9q3knr3ss718da1d;214s;https://open.spotify.com/track/4IBoDzxcRRRhQ6dozP28aQ
The Caves Of Altamira;Steely Dan;The Royal Scam;USMC17547219;2021-06-01 18:49;sj1bdpnkh9q3knr3ss718da1d;214s;https://open.spotify.com/track/4IBoDzxcRRRhQ6dozP28aQ
Time Out Of Mind;Steely Dan;Gaucho;USMC17847240;2021-04-15 03:33;sj1bdpnkh9q3knr3ss718da1d;252s;https://open.spotify.com/track/2SkcfuzAoyrBWkdbxn7Lu1
Time Out Of Mind;Steely Dan;Gaucho;USMC17847240;2021-04-15 03:33;sj1bdpnkh9q3knr3ss718da1d;252s;https://open.spotify.com/track/2SkcfuzAoyrBWkdbxn7Lu1
On And On;Stephen Bishop;Careless;USMC17647807;2021-06-01 18:49;sj1bdpnkh9q3knr3ss718da1d;182s;https://open.spotify.com/track/0Vth3l4XAo8hNYmxjzhr2y
On And On;Stephen Bishop;Careless;USMC17647807;2021-06-01 18:49;sj1bdpnkh9q3knr3ss718da1d;182s;https://open.spotify.com/track/0Vth3l4XAo8hNYmxjzhr2y
While You See A Chance;Steve Winwood;Arc Of A Diver (Deluxe Edition);GBAAN8000012;2021-06-01 18:49;sj1bdpnkh9q3knr3ss718da1d;313s;https://open.spotify.com/track/4JAFyW6oZV6DIADeV619QG
While You See A Chance;Steve Winwood;Arc Of A Diver (Deluxe Edition);GBAAN8000012;2021-06-01 18:49;sj1bdpnkh9q3knr3ss718da1d;313s;https://open.spotify.com/track/4JAFyW6oZV6DIADeV619QG
Dependin' On You;The Doobie Brothers;Smooth 70s Moods;USWB19903692;2021-04-15 03:33;sj1bdpnkh9q3knr3ss718da1d;223s;https://open.spotify.com/track/0lG7zu55t89vlkXx8VtJEN
Dependin' On You;The Doobie Brothers;Smooth 70s Moods;USWB19903692;2021-04-15 03:33;sj1bdpnkh9q3knr3ss718da1d;223s;https://open.spotify.com/track/0lG7zu55t89vlkXx8VtJEN
Echoes of Love;The Doobie Brothers;Livin' on the Fault Line;USWB10101144;2021-04-15 03:33;sj1bdpnkh9q3knr3ss718da1d;178s;https://open.spotify.com/track/2uuoyQcrxDGU2lLo19lMtP
Echoes of Love;The Doobie Brothers;Livin' on the Fault Line;USWB10101144;2021-04-15 03:33;sj1bdpnkh9q3knr3ss718da1d;178s;https://open.spotify.com/track/2uuoyQcrxDGU2lLo19lMtP
How Do the Fools Survive?;The Doobie Brothers;Minute by Minute;USWB10902449;2021-04-15 03:33;sj1bdpnkh9q3knr3ss718da1d;317s;https://open.spotify.com/track/6JBxK6phuJU08nkbcQ8hHf
How Do the Fools Survive?;The Doobie Brothers;Minute by Minute;USWB10902449;2021-04-15 03:33;sj1bdpnkh9q3knr3ss718da1d;317s;https://open.spotify.com/track/6JBxK6phuJU08nkbcQ8hHf
It Keeps You Runnin';The Doobie Brothers;Takin' It to the Streets;USWB19900757;2021-04-15 03:33;sj1bdpnkh9q3knr3ss718da1d;257s;https://open.spotify.com/track/5wFdcY9O6cEn1PL6V3AEmu
It Keeps You Runnin';The Doobie Brothers;Takin' It to the Streets;USWB19900757;2021-04-15 03:33;sj1bdpnkh9q3knr3ss718da1d;257s;https://open.spotify.com/track/5wFdcY9O6cEn1PL6V3AEmu
Just in Time;The Doobie Brothers;One Step Closer;USWB10002829;2021-04-15 03:33;sj1bdpnkh9q3knr3ss718da1d;166s;https://open.spotify.com/track/71WwJBA23TJz3EGd1rvoIK
Just in Time;The Doobie Brothers;One Step Closer;USWB10002829;2021-04-15 03:33;sj1bdpnkh9q3knr3ss718da1d;166s;https://open.spotify.com/track/71WwJBA23TJz3EGd1rvoIK
Listen to the Music;The Doobie Brothers;Toulouse Street;USWB10000626;2021-04-15 03:33;sj1bdpnkh9q3knr3ss718da1d;227s;https://open.spotify.com/track/7Ar4G7Ci11gpt6sfH9Cgz5
Listen to the Music;The Doobie Brothers;Toulouse Street;USWB10000626;2021-04-15 03:33;sj1bdpnkh9q3knr3ss718da1d;227s;https://open.spotify.com/track/7Ar4G7Ci11gpt6sfH9Cgz5
What a Fool Believes;The Doobie Brothers;Minute by Minute;USWB10902441;2021-04-15 03:33;sj1bdpnkh9q3knr3ss718da1d;224s;https://open.spotify.com/track/2yBVeksU2EtrPJbTu4ZslK
What a Fool Believes;The Doobie Brothers;Minute by Minute;USWB10902441;2021-04-15 03:33;sj1bdpnkh9q3knr3ss718da1d;224s;https://open.spotify.com/track/2yBVeksU2EtrPJbTu4ZslK
You Belong to Me - 2009 Remaster;The Doobie Brothers;The Ultimate Collection;USWB10502663;2021-04-15 03:33;sj1bdpnkh9q3knr3ss718da1d;188s;https://open.spotify.com/track/6AH8ocfCiLWFhrVlyil61i
You Belong to Me - 2009 Remaster;The Doobie Brothers;The Ultimate Collection;USWB10502663;2021-04-15 03:33;sj1bdpnkh9q3knr3ss718da1d;188s;https://open.spotify.com/track/6AH8ocfCiLWFhrVlyil61i
You Never Change;The Doobie Brothers;Minute by Minute;USWB10902448;2021-04-15 03:33;sj1bdpnkh9q3knr3ss718da1d;209s;https://open.spotify.com/track/4b3rEBPsk3d74ry2B7sBb9
You Never Change;The Doobie Brothers;Minute by Minute;USWB10902448;2021-04-15 03:33;sj1bdpnkh9q3knr3ss718da1d;209s;https://open.spotify.com/track/4b3rEBPsk3d74ry2B7sBb9
Takin' It to the Streets;The Doobie Brothers, James Taylor;Takin' It to the Streets;USWB10105079;2021-04-15 03:33;sj1bdpnkh9q3knr3ss718da1d;232s;https://open.spotify.com/track/1WDgdCoNSN0fosaTaLGXKU
Takin' It to the Streets;The Doobie Brothers, James Taylor;Takin' It to the Streets;USWB10105079;2021-04-15 03:33;sj1bdpnkh9q3knr3ss718da1d;232s;https://open.spotify.com/track/1WDgdCoNSN0fosaTaLGXKU
Jackie Blue;The Ozark Mountain Daredevils;It'll Shine When It Shines;USUMG0000082;2021-04-15 03:33;sj1bdpnkh9q3knr3ss718da1d;250s;https://open.spotify.com/track/1R9EHsvzpXwOvlGkgDmE55
Jackie Blue;The Ozark Mountain Daredevils;It'll Shine When It Shines;USUMG0000082;2021-04-15 03:33;sj1bdpnkh9q3knr3ss718da1d;250s;https://open.spotify.com/track/1R9EHsvzpXwOvlGkgDmE55
Show You The Way;Thundercat, Michael McDonald, Kenny Loggins;Drunk;US25X1090541;2021-06-01 18:49;sj1bdpnkh9q3knr3ss718da1d;215s;https://open.spotify.com/track/2ZIHKdsXfOS3cZoGRD2vGL
Show You The Way;Thundercat, Michael McDonald, Kenny Loggins;Drunk;US25X1090541;2021-06-01 18:49;sj1bdpnkh9q3knr3ss718da1d;215s;https://open.spotify.com/track/2ZIHKdsXfOS3cZoGRD2vGL
Hello It's Me;Todd Rundgren;Something / Anything?;USRH10553197;2021-04-15 03:33;sj1bdpnkh9q3knr3ss718da1d;264s;https://open.spotify.com/track/3gHFKiDanj4d2rqgHlRFFc
Hello It's Me;Todd Rundgren;Something / Anything?;USRH10553197;2021-04-15 03:33;sj1bdpnkh9q3knr3ss718da1d;264s;https://open.spotify.com/track/3gHFKiDanj4d2rqgHlRFFc
99;TOTO;Hydra;USSM19801919;2021-04-15 03:33;sj1bdpnkh9q3knr3ss718da1d;316s;https://open.spotify.com/track/2R3E4xKmy7lyieBKONkIMT
99;TOTO;Hydra;USSM19801919;2021-04-15 03:33;sj1bdpnkh9q3knr3ss718da1d;316s;https://open.spotify.com/track/2R3E4xKmy7lyieBKONkIMT
Africa;TOTO;Toto IV;USSM19801941;2021-04-15 03:33;sj1bdpnkh9q3knr3ss718da1d;296s;https://open.spotify.com/track/2374M0fQpWi3dLnB54qaLX
Africa;TOTO;Toto IV;USSM19801941;2021-04-15 03:33;sj1bdpnkh9q3knr3ss718da1d;296s;https://open.spotify.com/track/2374M0fQpWi3dLnB54qaLX
I'll Be Over You;TOTO;Fahrenheit;USSM18600734;2021-04-15 03:33;sj1bdpnkh9q3knr3ss718da1d;230s;https://open.spotify.com/track/1WeoeHh0TSzsApyJ6Q8OOK
I'll Be Over You;TOTO;Fahrenheit;USSM18600734;2021-04-15 03:33;sj1bdpnkh9q3knr3ss718da1d;230s;https://open.spotify.com/track/1WeoeHh0TSzsApyJ6Q8OOK
Make Believe;TOTO;Toto IV;USSM19801933;2021-06-01 18:49;sj1bdpnkh9q3knr3ss718da1d;223s;https://open.spotify.com/track/15taea6JZLAfG5OX0pzfG6
Make Believe;TOTO;Toto IV;USSM19801933;2021-06-01 18:49;sj1bdpnkh9q3knr3ss718da1d;223s;https://open.spotify.com/track/15taea6JZLAfG5OX0pzfG6
Rosanna;TOTO;Toto IV;USSM18200245;2021-04-15 03:33;sj1bdpnkh9q3knr3ss718da1d;331s;https://open.spotify.com/track/37BTh5g05cxBIRYMbw8g2T
Rosanna;TOTO;Toto IV;USSM18200245;2021-04-15 03:33;sj1bdpnkh9q3knr3ss718da1d;331s;https://open.spotify.com/track/37BTh5g05cxBIRYMbw8g2T
Georgy Porgy (feat. Cheryl Lynn) - Disco Version;TOTO, Cheryl Lynn;The Best Of Cheryl Lynn: Got To Be Real;USSM17800075;2021-04-15 03:33;sj1bdpnkh9q3knr3ss718da1d;306s;https://open.spotify.com/track/2zgVJFC1zMX552Ein72J81
Georgy Porgy (feat. Cheryl Lynn) - Disco Version;TOTO, Cheryl Lynn;The Best Of Cheryl Lynn: Got To Be Real;USSM17800075;2021-04-15 03:33;sj1bdpnkh9q3knr3ss718da1d;306s;https://open.spotify.com/track/2zgVJFC1zMX552Ein72J81
Magnet and Steel;Walter Egan;Not Shy;USSM17800671;2021-04-15 03:33;sj1bdpnkh9q3knr3ss718da1d;205s;https://open.spotify.com/track/1Fk6KB9H0oZ2rYKFRDrhQm
Magnet and Steel;Walter Egan;Not Shy;USSM17800671;2021-04-15 03:33;sj1bdpnkh9q3knr3ss718da1d;205s;https://open.spotify.com/track/1Fk6KB9H0oZ2rYKFRDrhQm
